Campaign,Ad group,Ad group status,Ad group type,Final URL
CF_UK_SEARCH_USA,eSIM,Enabled,Standard,https://calafly.net/usa
CF_UK_SEARCH_USA,Data SIM,Enabled,Standard,https://calafly.net/usa
CF_UK_SEARCH_USA,Roaming,Enabled,Standard,https://calafly.net/usa
CF_UK_SEARCH_USA,Cities,Enabled,Standard,https://calafly.net/usa
CF_UK_SEARCH_TURKEY,eSIM,Enabled,Standard,https://calafly.net/turkey
CF_UK_SEARCH_TURKEY,Data SIM,Enabled,Standard,https://calafly.net/turkey
CF_UK_SEARCH_TURKEY,Roaming,Enabled,Standard,https://calafly.net/turkey
CF_UK_SEARCH_TURKEY,Cities,Enabled,Standard,https://calafly.net/turkey
CF_UK_SEARCH_DUBAI,eSIM,Enabled,Standard,https://calafly.net/dubai
CF_UK_SEARCH_DUBAI,Data SIM,Enabled,Standard,https://calafly.net/dubai
CF_UK_SEARCH_DUBAI,Roaming,Enabled,Standard,https://calafly.net/dubai
CF_UK_SEARCH_DUBAI,Cities,Enabled,Standard,https://calafly.net/dubai
