Campaign,Ad group,Ad type,Status,Final URL,Path 1,Path 2,Headline 1,Headline 2,Headline 3,Headline 4,Headline 5,Headline 6,Headline 7,Headline 8,Headline 9,Headline 10,Headline 11,Headline 12,Headline 13,Headline 14,Headline 15,Description 1,Description 2,Description 3,Description 4,Description 1 position,Description 2 position,Description 3 position,Description 4 position
CF_UK_SEARCH_USA,eSIM,Responsive search ad,Enabled,https://calafly.net/usa,usa,esim,USA eSIM by CalaFly,Get Your USA eSIM,USA Travel eSIM,Official Site: CalaFly,Set Up in Minutes,"Pay Once, Not Per Day",One Price for Your Trip,Refund if Not Installed,Scan a QR Code at Home,QR Code Sent by Email,Land Connected,Sorted Before You Fly,Data-Only Travel eSIM,Keep Your WhatsApp Number,No Daily Charges From Us,"Mobile data for the USA, sorted before you leave the UK. Scan a QR code, land connected.",Plans changed? Get a refund if your eSIM is never installed. T&Cs apply.,"Pay once, not per day. Refund if your eSIM is never installed. T&Cs apply.","Data-only eSIM for unlocked, eSIM-compatible phones. Your WhatsApp number stays.",,2,2,
CF_UK_SEARCH_USA,Data SIM,Responsive search ad,Enabled,https://calafly.net/usa,usa,data,Mobile Data for USA,"USA Travel SIM, as eSIM",No SIM Card to Collect,USA eSIM by CalaFly,Set Up in Minutes,"Pay Once, Not Per Day",One Price for Your Trip,Refund if Not Installed,Scan a QR Code at Home,QR Code Sent by Email,Land Connected,Sorted Before You Fly,Data-Only Travel eSIM,Keep Your WhatsApp Number,No Daily Charges From Us,"Mobile data for the USA, sorted before you leave the UK. Scan a QR code, land connected.",Plans changed? Get a refund if your eSIM is never installed. T&Cs apply.,"Pay once, not per day. Refund if your eSIM is never installed. T&Cs apply.","Data-only eSIM for unlocked, eSIM-compatible phones. Your WhatsApp number stays.",,2,2,
CF_UK_SEARCH_USA,Roaming,Responsive search ad,Enabled,https://calafly.net/usa,usa,roaming,Using Your Phone in USA?,Holiday Data for USA,Travel Data for USA,USA eSIM by CalaFly,Set Up in Minutes,"Pay Once, Not Per Day",One Price for Your Trip,Refund if Not Installed,Scan a QR Code at Home,QR Code Sent by Email,Land Connected,Sorted Before You Fly,Data-Only Travel eSIM,Keep Your WhatsApp Number,No Daily Charges From Us,"Heading to the USA? One price for your trip's data, with no daily charges from us.",Plans changed? Get a refund if your eSIM is never installed. T&Cs apply.,"Pay once, not per day. Refund if your eSIM is never installed. T&Cs apply.","Data-only eSIM for unlocked, eSIM-compatible phones. Your WhatsApp number stays.",,2,2,
CF_UK_SEARCH_USA,Cities,Responsive search ad,Enabled,https://calafly.net/usa,usa,cities,eSIM for New York,eSIM for Orlando,eSIM for Las Vegas,USA eSIM by CalaFly,Set Up in Minutes,"Pay Once, Not Per Day",One Price for Your Trip,Refund if Not Installed,Scan a QR Code at Home,QR Code Sent by Email,Land Connected,Sorted Before You Fly,Data-Only Travel eSIM,Keep Your WhatsApp Number,No Daily Charges From Us,"Data for New York, Orlando and all of the USA. Set up before you leave the UK.",Plans changed? Get a refund if your eSIM is never installed. T&Cs apply.,"Pay once, not per day. Refund if your eSIM is never installed. T&Cs apply.","Data-only eSIM for unlocked, eSIM-compatible phones. Your WhatsApp number stays.",,2,2,
CF_UK_SEARCH_TURKEY,eSIM,Responsive search ad,Enabled,https://calafly.net/turkey,turkey,esim,Turkey eSIM by CalaFly,Get Your Turkey eSIM,Turkey Travel eSIM,Official Site: CalaFly,Set Up in Minutes,"Pay Once, Not Per Day",One Price for Your Trip,Refund if Not Installed,Scan a QR Code at Home,QR Code Sent by Email,Land Connected,Sorted Before You Fly,Data-Only Travel eSIM,Keep Your WhatsApp Number,No Daily Charges From Us,"Mobile data for Turkey, sorted before you leave the UK. Scan a QR code, land connected.",Plans changed? Get a refund if your eSIM is never installed. T&Cs apply.,"Pay once, not per day. Refund if your eSIM is never installed. T&Cs apply.","Data-only eSIM for unlocked, eSIM-compatible phones. Your WhatsApp number stays.",,2,2,
CF_UK_SEARCH_TURKEY,Data SIM,Responsive search ad,Enabled,https://calafly.net/turkey,turkey,data,Mobile Data for Turkey,"Turkey Travel SIM, as eSIM",No SIM Card to Collect,Turkey eSIM by CalaFly,Set Up in Minutes,"Pay Once, Not Per Day",One Price for Your Trip,Refund if Not Installed,Scan a QR Code at Home,QR Code Sent by Email,Land Connected,Sorted Before You Fly,Data-Only Travel eSIM,Keep Your WhatsApp Number,No Daily Charges From Us,"Mobile data for Turkey, sorted before you leave the UK. Scan a QR code, land connected.",Plans changed? Get a refund if your eSIM is never installed. T&Cs apply.,"Pay once, not per day. Refund if your eSIM is never installed. T&Cs apply.","Data-only eSIM for unlocked, eSIM-compatible phones. Your WhatsApp number stays.",,2,2,
CF_UK_SEARCH_TURKEY,Roaming,Responsive search ad,Enabled,https://calafly.net/turkey,turkey,roaming,Using Your Phone in Turkey?,Holiday Data for Turkey,Travel Data for Turkey,Turkey eSIM by CalaFly,Set Up in Minutes,"Pay Once, Not Per Day",One Price for Your Trip,Refund if Not Installed,Scan a QR Code at Home,QR Code Sent by Email,Land Connected,Sorted Before You Fly,Data-Only Travel eSIM,Keep Your WhatsApp Number,No Daily Charges From Us,"Heading to Turkey? One price for your trip's data, with no daily charges from us.",Plans changed? Get a refund if your eSIM is never installed. T&Cs apply.,"Pay once, not per day. Refund if your eSIM is never installed. T&Cs apply.","Data-only eSIM for unlocked, eSIM-compatible phones. Your WhatsApp number stays.",,2,2,
CF_UK_SEARCH_TURKEY,Cities,Responsive search ad,Enabled,https://calafly.net/turkey,turkey,cities,eSIM for Istanbul,eSIM for Antalya,eSIM for Dalaman,Turkey eSIM by CalaFly,Set Up in Minutes,"Pay Once, Not Per Day",One Price for Your Trip,Refund if Not Installed,Scan a QR Code at Home,QR Code Sent by Email,Land Connected,Sorted Before You Fly,Data-Only Travel eSIM,Keep Your WhatsApp Number,No Daily Charges From Us,"Data for Istanbul, Antalya and all of Turkey. Set up before you leave the UK.",Plans changed? Get a refund if your eSIM is never installed. T&Cs apply.,"Pay once, not per day. Refund if your eSIM is never installed. T&Cs apply.","Data-only eSIM for unlocked, eSIM-compatible phones. Your WhatsApp number stays.",,2,2,
CF_UK_SEARCH_DUBAI,eSIM,Responsive search ad,Enabled,https://calafly.net/dubai,dubai,esim,Dubai eSIM by CalaFly,Get Your Dubai eSIM,Dubai Travel eSIM,Official Site: CalaFly,Set Up in Minutes,"Pay Once, Not Per Day",One Price for Your Trip,Refund if Not Installed,Scan a QR Code at Home,QR Code Sent by Email,Land Connected,Sorted Before You Fly,Data-Only Travel eSIM,Keep Your WhatsApp Number,No Daily Charges From Us,"Mobile data for Dubai, sorted before you leave the UK. Scan a QR code, land connected.",Plans changed? Get a refund if your eSIM is never installed. T&Cs apply.,"Pay once, not per day. Refund if your eSIM is never installed. T&Cs apply.","Data-only eSIM for unlocked, eSIM-compatible phones. Your WhatsApp number stays.",,2,2,
CF_UK_SEARCH_DUBAI,Data SIM,Responsive search ad,Enabled,https://calafly.net/dubai,dubai,data,Mobile Data for Dubai,"Dubai Travel SIM, as eSIM",No SIM Card to Collect,Dubai eSIM by CalaFly,Set Up in Minutes,"Pay Once, Not Per Day",One Price for Your Trip,Refund if Not Installed,Scan a QR Code at Home,QR Code Sent by Email,Land Connected,Sorted Before You Fly,Data-Only Travel eSIM,Keep Your WhatsApp Number,No Daily Charges From Us,"Mobile data for Dubai, sorted before you leave the UK. Scan a QR code, land connected.",Plans changed? Get a refund if your eSIM is never installed. T&Cs apply.,"Pay once, not per day. Refund if your eSIM is never installed. T&Cs apply.","Data-only eSIM for unlocked, eSIM-compatible phones. Your WhatsApp number stays.",,2,2,
CF_UK_SEARCH_DUBAI,Roaming,Responsive search ad,Enabled,https://calafly.net/dubai,dubai,roaming,Using Your Phone in Dubai?,Holiday Data for Dubai,Travel Data for Dubai,Dubai eSIM by CalaFly,Set Up in Minutes,"Pay Once, Not Per Day",One Price for Your Trip,Refund if Not Installed,Scan a QR Code at Home,QR Code Sent by Email,Land Connected,Sorted Before You Fly,Data-Only Travel eSIM,Keep Your WhatsApp Number,No Daily Charges From Us,"Heading to Dubai? One price for your trip's data, with no daily charges from us.",Plans changed? Get a refund if your eSIM is never installed. T&Cs apply.,"Pay once, not per day. Refund if your eSIM is never installed. T&Cs apply.","Data-only eSIM for unlocked, eSIM-compatible phones. Your WhatsApp number stays.",,2,2,
CF_UK_SEARCH_DUBAI,Cities,Responsive search ad,Enabled,https://calafly.net/dubai,dubai,cities,eSIM for Dubai,eSIM for Abu Dhabi,eSIM for UAE,Dubai eSIM by CalaFly,Set Up in Minutes,"Pay Once, Not Per Day",One Price for Your Trip,Refund if Not Installed,Scan a QR Code at Home,QR Code Sent by Email,Land Connected,Sorted Before You Fly,Data-Only Travel eSIM,Keep Your WhatsApp Number,No Daily Charges From Us,"Data for Dubai, Abu Dhabi and all of the UAE. Set up before you leave the UK.",Plans changed? Get a refund if your eSIM is never installed. T&Cs apply.,"Pay once, not per day. Refund if your eSIM is never installed. T&Cs apply.","Data-only eSIM for unlocked, eSIM-compatible phones. Your WhatsApp number stays.",,2,2,
