Shared set name,Keyword,Criterion Type
CF_UK_NEGATIVES,free,Negative Phrase
CF_UK_NEGATIVES,jobs,Negative Phrase
CF_UK_NEGATIVES,job,Negative Phrase
CF_UK_NEGATIVES,career,Negative Phrase
CF_UK_NEGATIVES,careers,Negative Phrase
CF_UK_NEGATIVES,login,Negative Phrase
CF_UK_NEGATIVES,log in,Negative Phrase
CF_UK_NEGATIVES,my account,Negative Phrase
CF_UK_NEGATIVES,customer service,Negative Phrase
CF_UK_NEGATIVES,contact number,Negative Phrase
CF_UK_NEGATIVES,phone number,Negative Phrase
CF_UK_NEGATIVES,contract,Negative Phrase
CF_UK_NEGATIVES,sim only deal,Negative Phrase
CF_UK_NEGATIVES,sim only,Negative Phrase
CF_UK_NEGATIVES,pay monthly,Negative Phrase
CF_UK_NEGATIVES,broadband,Negative Phrase
CF_UK_NEGATIVES,home internet,Negative Phrase
CF_UK_NEGATIVES,wifi router,Negative Phrase
CF_UK_NEGATIVES,pocket wifi,Negative Phrase
CF_UK_NEGATIVES,mifi,Negative Phrase
CF_UK_NEGATIVES,apn settings,Negative Phrase
CF_UK_NEGATIVES,unlock,Negative Phrase
CF_UK_NEGATIVES,unlocked phone,Negative Phrase
CF_UK_NEGATIVES,hack,Negative Phrase
CF_UK_NEGATIVES,reddit,Negative Phrase
CF_UK_NEGATIVES,not working,Negative Phrase
CF_UK_NEGATIVES,how to cancel,Negative Phrase
CF_UK_NEGATIVES,refund status,Negative Phrase
CF_UK_NEGATIVES,transfer esim,Negative Phrase
CF_UK_NEGATIVES,esim to physical sim,Negative Phrase
CF_UK_NEGATIVES,wikipedia,Negative Phrase
CF_UK_NEGATIVES,meaning,Negative Phrase
CF_UK_NEGATIVES,what is esim,Negative Phrase
CF_UK_NEGATIVES,uk esim for tourists,Negative Phrase
CF_UK_NEGATIVES,esim for uk,Negative Phrase
CF_UK_NEGATIVES,visiting uk,Negative Phrase
CF_UK_NEGATIVES,europe,Negative Phrase
CF_UK_NEGATIVES,eu roaming,Negative Phrase
CF_UK_NEGATIVES,spain,Negative Phrase
CF_UK_NEGATIVES,france,Negative Phrase
CF_UK_NEGATIVES,italy,Negative Phrase
CF_UK_NEGATIVES,greece,Negative Phrase
CF_UK_NEGATIVES,portugal,Negative Phrase
CF_UK_NEGATIVES,cheap flights,Negative Phrase
CF_UK_NEGATIVES,flights,Negative Phrase
CF_UK_NEGATIVES,hotel,Negative Phrase
CF_UK_NEGATIVES,hotels,Negative Phrase
CF_UK_NEGATIVES,visa,Negative Phrase
CF_UK_NEGATIVES,weather,Negative Phrase
CF_UK_NEGATIVES,currency,Negative Phrase
CF_UK_NEGATIVES,holafly,Negative Phrase
CF_UK_NEGATIVES,airalo,Negative Phrase
CF_UK_NEGATIVES,nomad esim,Negative Phrase
CF_UK_NEGATIVES,ubigi,Negative Phrase
CF_UK_NEGATIVES,saily,Negative Phrase
CF_UK_NEGATIVES,esim4travel,Negative Phrase
CF_UK_NEGATIVES,gigsky,Negative Phrase
CF_UK_NEGATIVES,maya mobile,Negative Phrase
CF_UK_NEGATIVES,simoptions,Negative Phrase
CF_UK_NEGATIVES,drimsim,Negative Phrase
