Campaign,Callout text
CF_UK_SEARCH_DESTINATIONS,Set Up in Minutes
CF_UK_SEARCH_DESTINATIONS,"Pay Once, Not Per Day"
CF_UK_SEARCH_DESTINATIONS,Refund if Not Installed
CF_UK_SEARCH_DESTINATIONS,QR Code by Email
CF_UK_SEARCH_DESTINATIONS,Data-Only eSIM
CF_UK_SEARCH_DESTINATIONS,Keep Your WhatsApp Number
CF_UK_SEARCH_DESTINATIONS,Install Before You Fly
CF_UK_SEARCH_DESTINATIONS,No Daily Charges From Us
CF_UK_SEARCH_BRAND,Set Up in Minutes
CF_UK_SEARCH_BRAND,"Pay Once, Not Per Day"
CF_UK_SEARCH_BRAND,Refund if Not Installed
CF_UK_SEARCH_BRAND,QR Code by Email
CF_UK_SEARCH_BRAND,Data-Only eSIM
CF_UK_SEARCH_BRAND,Keep Your WhatsApp Number
CF_UK_SEARCH_BRAND,Install Before You Fly
CF_UK_SEARCH_BRAND,No Daily Charges From Us
