Campaign,Ad group,Image file (in images/)
CF_UK_SEARCH_DESTINATIONS,USA | eSIM,calafly-usa-arrive-1x1.jpg
CF_UK_SEARCH_DESTINATIONS,USA | eSIM,calafly-usa-arrive-191x1.jpg
CF_UK_SEARCH_DESTINATIONS,USA | Data SIM,calafly-usa-arrive-1x1.jpg
CF_UK_SEARCH_DESTINATIONS,USA | Data SIM,calafly-usa-arrive-191x1.jpg
CF_UK_SEARCH_DESTINATIONS,USA | Roaming,calafly-usa-arrive-1x1.jpg
CF_UK_SEARCH_DESTINATIONS,USA | Roaming,calafly-usa-arrive-191x1.jpg
CF_UK_SEARCH_DESTINATIONS,USA | Cities,calafly-usa-arrive-1x1.jpg
CF_UK_SEARCH_DESTINATIONS,USA | Cities,calafly-usa-arrive-191x1.jpg
CF_UK_SEARCH_DESTINATIONS,USA | eSIM,calafly-usa-home-1x1.jpg
CF_UK_SEARCH_DESTINATIONS,USA | eSIM,calafly-usa-home-191x1.jpg
CF_UK_SEARCH_DESTINATIONS,USA | Data SIM,calafly-usa-home-1x1.jpg
CF_UK_SEARCH_DESTINATIONS,USA | Data SIM,calafly-usa-home-191x1.jpg
CF_UK_SEARCH_DESTINATIONS,USA | Roaming,calafly-usa-home-1x1.jpg
CF_UK_SEARCH_DESTINATIONS,USA | Roaming,calafly-usa-home-191x1.jpg
CF_UK_SEARCH_DESTINATIONS,USA | Cities,calafly-usa-home-1x1.jpg
CF_UK_SEARCH_DESTINATIONS,USA | Cities,calafly-usa-home-191x1.jpg
CF_UK_SEARCH_DESTINATIONS,TURKEY | eSIM,calafly-turkey-arrive-1x1.jpg
CF_UK_SEARCH_DESTINATIONS,TURKEY | eSIM,calafly-turkey-arrive-191x1.jpg
CF_UK_SEARCH_DESTINATIONS,TURKEY | Data SIM,calafly-turkey-arrive-1x1.jpg
CF_UK_SEARCH_DESTINATIONS,TURKEY | Data SIM,calafly-turkey-arrive-191x1.jpg
CF_UK_SEARCH_DESTINATIONS,TURKEY | Roaming,calafly-turkey-arrive-1x1.jpg
CF_UK_SEARCH_DESTINATIONS,TURKEY | Roaming,calafly-turkey-arrive-191x1.jpg
CF_UK_SEARCH_DESTINATIONS,TURKEY | Cities,calafly-turkey-arrive-1x1.jpg
CF_UK_SEARCH_DESTINATIONS,TURKEY | Cities,calafly-turkey-arrive-191x1.jpg
CF_UK_SEARCH_DESTINATIONS,TURKEY | eSIM,calafly-turkey-home-1x1.jpg
CF_UK_SEARCH_DESTINATIONS,TURKEY | eSIM,calafly-turkey-home-191x1.jpg
CF_UK_SEARCH_DESTINATIONS,TURKEY | Data SIM,calafly-turkey-home-1x1.jpg
CF_UK_SEARCH_DESTINATIONS,TURKEY | Data SIM,calafly-turkey-home-191x1.jpg
CF_UK_SEARCH_DESTINATIONS,TURKEY | Roaming,calafly-turkey-home-1x1.jpg
CF_UK_SEARCH_DESTINATIONS,TURKEY | Roaming,calafly-turkey-home-191x1.jpg
CF_UK_SEARCH_DESTINATIONS,TURKEY | Cities,calafly-turkey-home-1x1.jpg
CF_UK_SEARCH_DESTINATIONS,TURKEY | Cities,calafly-turkey-home-191x1.jpg
CF_UK_SEARCH_DESTINATIONS,DUBAI | eSIM,calafly-dubai-arrive-1x1.jpg
CF_UK_SEARCH_DESTINATIONS,DUBAI | eSIM,calafly-dubai-arrive-191x1.jpg
CF_UK_SEARCH_DESTINATIONS,DUBAI | Data SIM,calafly-dubai-arrive-1x1.jpg
CF_UK_SEARCH_DESTINATIONS,DUBAI | Data SIM,calafly-dubai-arrive-191x1.jpg
CF_UK_SEARCH_DESTINATIONS,DUBAI | Roaming,calafly-dubai-arrive-1x1.jpg
CF_UK_SEARCH_DESTINATIONS,DUBAI | Roaming,calafly-dubai-arrive-191x1.jpg
CF_UK_SEARCH_DESTINATIONS,DUBAI | Cities,calafly-dubai-arrive-1x1.jpg
CF_UK_SEARCH_DESTINATIONS,DUBAI | Cities,calafly-dubai-arrive-191x1.jpg
CF_UK_SEARCH_DESTINATIONS,DUBAI | eSIM,calafly-dubai-home-1x1.jpg
CF_UK_SEARCH_DESTINATIONS,DUBAI | eSIM,calafly-dubai-home-191x1.jpg
CF_UK_SEARCH_DESTINATIONS,DUBAI | Data SIM,calafly-dubai-home-1x1.jpg
CF_UK_SEARCH_DESTINATIONS,DUBAI | Data SIM,calafly-dubai-home-191x1.jpg
CF_UK_SEARCH_DESTINATIONS,DUBAI | Roaming,calafly-dubai-home-1x1.jpg
CF_UK_SEARCH_DESTINATIONS,DUBAI | Roaming,calafly-dubai-home-191x1.jpg
CF_UK_SEARCH_DESTINATIONS,DUBAI | Cities,calafly-dubai-home-1x1.jpg
CF_UK_SEARCH_DESTINATIONS,DUBAI | Cities,calafly-dubai-home-191x1.jpg
