Campaign,Ad set,Creative,Primary text,Headline,Description,CTA,URL
CF_UK_META_PROSPECTING,USA,01_INTRO,"Meet CalaFly: mobile data for the USA, sorted before you leave the UK.

Pick your USA plan, scan the QR code at home and land connected. One price for the whole trip, not per day. And if you never install it, you can get a refund (T&Cs apply).",Meet CalaFly,"USA data, sorted before you fly",Shop now,https://calafly.net/usa
CF_UK_META_PROSPECTING,USA,02_EASE,"Set up your USA data in minutes, from the sofa.

1. Pick your plan
2. Scan the QR code
3. Land connected

Data-only eSIM. Your WhatsApp number stays the same.",Set up in minutes,Scan a QR code at home,Shop now,https://calafly.net/usa
CF_UK_META_PROSPECTING,USA,03_PRICE,"Pay once. Not per day.

CalaFly gives you one price for your whole trip to the USA. No daily charges from us, whether you stay for a long weekend or two weeks.","Pay once, not per day",One price for your whole trip,Shop now,https://calafly.net/usa
CF_UK_META_PROSPECTING,USA,04_REFUND,"Plans changed? If you never install your USA eSIM, you can get your money back.

Refund if not installed. T&Cs apply, see calafly.net.",Refund if not installed,Book your data with confidence,Shop now,https://calafly.net/usa
CF_UK_META_PROSPECTING,USA,05_ALL-USP,"USA data, sorted.

✓ Set up in minutes
✓ Pay once, not per day
✓ Refund if not installed (T&Cs apply)

Data-only eSIM for unlocked, eSIM-compatible phones.","USA data, sorted",Set up in minutes. Pay once.,Shop now,https://calafly.net/usa
CF_UK_META_PROSPECTING,USA,VIDEO_01,"Flying from the UK to the USA? Meet CalaFly. Set up in minutes, pay once (not per day), and get a refund if you never install it. T&Cs apply.",Meet CalaFly,"Data for the USA, sorted",Shop now,https://calafly.net/usa
CF_UK_META_PROSPECTING,USA,VIDEO_02,"How CalaFly works: pick your USA plan, scan the QR code at home, land connected. One price for the trip.",Land connected in USA,"Three steps, done before you fly",Shop now,https://calafly.net/usa
CF_UK_META_RETARGETING,USA,06_RETARGET,"Still planning the USA? Your data can be sorted tonight.

One price for the trip, set up in minutes, and a refund if you never install it (T&Cs apply).",Still planning USA?,"Your data, sorted tonight",Shop now,https://calafly.net/usa
CF_UK_META_RETARGETING,USA,04_REFUND,"Not sure your plans are fixed? Book your USA eSIM now. If you never install it, you can get a refund. T&Cs apply.",Refund if not installed,"Book now, decide later",Shop now,https://calafly.net/usa
CF_UK_META_RETARGETING,USA,VIDEO_02,"Three steps and you're connected in the USA. Pick, scan, land. Pay once, not per day.",Pick. Scan. Land connected.,Set up in minutes,Shop now,https://calafly.net/usa
CF_UK_META_PROSPECTING,TURKEY,01_INTRO,"Meet CalaFly: mobile data for Turkey, sorted before you leave the UK.

Pick your Turkey plan, scan the QR code at home and land connected. One price for the whole trip, not per day. And if you never install it, you can get a refund (T&Cs apply).",Meet CalaFly,"Turkey data, sorted before you fly",Shop now,https://calafly.net/turkey
CF_UK_META_PROSPECTING,TURKEY,02_EASE,"Set up your Turkey data in minutes, from the sofa.

1. Pick your plan
2. Scan the QR code
3. Land connected

Data-only eSIM. Your WhatsApp number stays the same.",Set up in minutes,Scan a QR code at home,Shop now,https://calafly.net/turkey
CF_UK_META_PROSPECTING,TURKEY,03_PRICE,"Pay once. Not per day.

CalaFly gives you one price for your whole trip to Turkey. No daily charges from us, whether you stay for a long weekend or two weeks.","Pay once, not per day",One price for your whole trip,Shop now,https://calafly.net/turkey
CF_UK_META_PROSPECTING,TURKEY,04_REFUND,"Plans changed? If you never install your Turkey eSIM, you can get your money back.

Refund if not installed. T&Cs apply, see calafly.net.",Refund if not installed,Book your data with confidence,Shop now,https://calafly.net/turkey
CF_UK_META_PROSPECTING,TURKEY,05_ALL-USP,"Turkey data, sorted.

✓ Set up in minutes
✓ Pay once, not per day
✓ Refund if not installed (T&Cs apply)

Data-only eSIM for unlocked, eSIM-compatible phones.","Turkey data, sorted",Set up in minutes. Pay once.,Shop now,https://calafly.net/turkey
CF_UK_META_PROSPECTING,TURKEY,VIDEO_01,"Flying from the UK to Turkey? Meet CalaFly. Set up in minutes, pay once (not per day), and get a refund if you never install it. T&Cs apply.",Meet CalaFly,"Data for Turkey, sorted",Shop now,https://calafly.net/turkey
CF_UK_META_PROSPECTING,TURKEY,VIDEO_02,"How CalaFly works: pick your Turkey plan, scan the QR code at home, land connected. One price for the trip.",Land connected in Turkey,"Three steps, done before you fly",Shop now,https://calafly.net/turkey
CF_UK_META_RETARGETING,TURKEY,06_RETARGET,"Still planning Turkey? Your data can be sorted tonight.

One price for the trip, set up in minutes, and a refund if you never install it (T&Cs apply).",Still planning Turkey?,"Your data, sorted tonight",Shop now,https://calafly.net/turkey
CF_UK_META_RETARGETING,TURKEY,04_REFUND,"Not sure your plans are fixed? Book your Turkey eSIM now. If you never install it, you can get a refund. T&Cs apply.",Refund if not installed,"Book now, decide later",Shop now,https://calafly.net/turkey
CF_UK_META_RETARGETING,TURKEY,VIDEO_02,"Three steps and you're connected in Turkey. Pick, scan, land. Pay once, not per day.",Pick. Scan. Land connected.,Set up in minutes,Shop now,https://calafly.net/turkey
CF_UK_META_PROSPECTING,DUBAI,01_INTRO,"Meet CalaFly: mobile data for Dubai, sorted before you leave the UK.

Pick your Dubai plan, scan the QR code at home and land connected. One price for the whole trip, not per day. And if you never install it, you can get a refund (T&Cs apply).",Meet CalaFly,"Dubai data, sorted before you fly",Shop now,https://calafly.net/dubai
CF_UK_META_PROSPECTING,DUBAI,02_EASE,"Set up your Dubai data in minutes, from the sofa.

1. Pick your plan
2. Scan the QR code
3. Land connected

Data-only eSIM. Your WhatsApp number stays the same.",Set up in minutes,Scan a QR code at home,Shop now,https://calafly.net/dubai
CF_UK_META_PROSPECTING,DUBAI,03_PRICE,"Pay once. Not per day.

CalaFly gives you one price for your whole trip to Dubai. No daily charges from us, whether you stay for a long weekend or two weeks.","Pay once, not per day",One price for your whole trip,Shop now,https://calafly.net/dubai
CF_UK_META_PROSPECTING,DUBAI,04_REFUND,"Plans changed? If you never install your Dubai eSIM, you can get your money back.

Refund if not installed. T&Cs apply, see calafly.net.",Refund if not installed,Book your data with confidence,Shop now,https://calafly.net/dubai
CF_UK_META_PROSPECTING,DUBAI,05_ALL-USP,"Dubai data, sorted.

✓ Set up in minutes
✓ Pay once, not per day
✓ Refund if not installed (T&Cs apply)

Data-only eSIM for unlocked, eSIM-compatible phones.","Dubai data, sorted",Set up in minutes. Pay once.,Shop now,https://calafly.net/dubai
CF_UK_META_PROSPECTING,DUBAI,VIDEO_01,"Flying from the UK to Dubai? Meet CalaFly. Set up in minutes, pay once (not per day), and get a refund if you never install it. T&Cs apply.",Meet CalaFly,"Data for Dubai, sorted",Shop now,https://calafly.net/dubai
CF_UK_META_PROSPECTING,DUBAI,VIDEO_02,"How CalaFly works: pick your Dubai plan, scan the QR code at home, land connected. One price for the trip.",Land connected in Dubai,"Three steps, done before you fly",Shop now,https://calafly.net/dubai
CF_UK_META_RETARGETING,DUBAI,06_RETARGET,"Still planning Dubai? Your data can be sorted tonight.

One price for the trip, set up in minutes, and a refund if you never install it (T&Cs apply).",Still planning Dubai?,"Your data, sorted tonight",Shop now,https://calafly.net/dubai
CF_UK_META_RETARGETING,DUBAI,04_REFUND,"Not sure your plans are fixed? Book your Dubai eSIM now. If you never install it, you can get a refund. T&Cs apply.",Refund if not installed,"Book now, decide later",Shop now,https://calafly.net/dubai
CF_UK_META_RETARGETING,DUBAI,VIDEO_02,"Three steps and you're connected in Dubai. Pick, scan, land. Pay once, not per day.",Pick. Scan. Land connected.,Set up in minutes,Shop now,https://calafly.net/dubai
